,ch,x,y
11,66,350.357747821229,-710.7641723123315
10,64,315.555983633446,-711.3716393658458
18,37,314.5621845939367,-676.3407331761814
19,39,350.12838047016317,-675.7199229179121
29,51,422.586905210639,-641.020915345892
28,49,386.2465113066976,-640.06930864133033
36,29,386.8055076287726,-603.4685771170573
37,31,423.9442092571098,-604.4410882450784
